{"cameraMode":{"drawMode":2,"name":"Shaded Wireframe","section":"Shading Mode"},"sceneLighting":true,"audioPlay":false,"sceneViewState":{"showFog":false,"showMaterialUpdate":false,"showSkybox":false,"showFlares":false,"showImageEffects":false,"showParticleSystems":true},"in2DMode":false,"pivot":{"x":-0.3811473846435547,"y":-21.55615997314453,"z":-37.21044158935547},"rotation":{"x":-0.039639029651880267,"y":0.936805248260498,"z":-0.3287495970726013,"w":-0.11295967549085617},"size":58.82273864746094,"orthographic":false}