{"cameraMode":{"drawMode":0,"name":"Shaded","section":"Shading Mode"},"sceneLighting":false,"audioPlay":false,"sceneViewState":{"showFog":false,"showMaterialUpdate":false,"showSkybox":false,"showFlares":false,"showImageEffects":false,"showParticleSystems":true},"in2DMode":false,"pivot":{"x":2.0529894828796388,"y":48.255008697509769,"z":-130.78271484375},"rotation":{"x":0.044866301119327548,"y":-0.953467071056366,"z":0.17940989136695863,"w":0.2382250279188156},"size":11.859591484069825,"orthographic":false}