{"cameraMode":{"drawMode":0,"name":"Shaded","section":"Shading Mode"},"sceneLighting":true,"audioPlay":false,"sceneViewState":{"showFog":false,"showMaterialUpdate":false,"showSkybox":false,"showFlares":false,"showImageEffects":false,"showParticleSystems":true},"in2DMode":false,"pivot":{"x":0.7218314409255981,"y":-1.7919740676879883,"z":1.202467918395996},"rotation":{"x":-0.005463953595608473,"y":-0.9720656275749207,"z":0.2335682213306427,"w":-0.022743774577975274},"size":9.866825103759766,"orthographic":false}